{
  "_format": "hh-sol-cache-2",
  "files": {
    "C:\\Users\\vladk\\OneDrive\\Рабочий стол\\Креативі\\ферма\\свит\\Контракт 4 SWIT\\contracts\\Hello_swtr.sol": {
      "lastModificationDate": 1726847374659,
      "contentHash": "32a5531f4282c17c4f5f51715ad426ea",
      "sourceName": "contracts/Hello_swtr.sol",
      "solcConfig": {
        "version": "0.8.19",
        "settings": {
          "optimizer": {
            "enabled": false,
            "runs": 200
          },
          "outputSelection": {
            "*": {
              "*": [
                "abi",
                "evm.bytecode",
                "evm.deployedBytecode",
                "evm.methodIdentifiers",
                "metadata"
              ],
              "": [
                "ast"
              ]
            }
          }
        }
      },
      "imports": [],
      "versionPragmas": [
        "^0.8.19"
      ],
      "artifacts": [
        "Swisstronik"
      ]
    }
  }
}
